id,first_name,last_name,email,gender,job_title
1,Banky,Anthill,banthill0@buzzfeed.com,Male,VP Product Management
2,Mahmoud,Conochie,mconochie1@mayoclinic.com,Male,VP Product Management
3,Liesa,Beetlestone,lbeetlestone2@flickr.com,Genderfluid,Research Assistant IV
4,Venita,Windows,vwindows3@nsw.gov.au,Female,Project Manager
5,Stacee,Opdenorth,sopdenorth4@eventbrite.com,Male,Recruiter
6,Yale,Sainsbury,ysainsbury5@networksolutions.com,Non-binary,General Manager
7,Robbie,Whitaker,rwhitaker6@wikipedia.org,Male,Paralegal
8,Agneta,Winder,awinder7@businessweek.com,Female,Structural Engineer
9,Inigo,Cashin,icashin8@mashable.com,Male,Environmental Specialist
10,Shirleen,Kasbye,skasbye9@topsy.com,Female,Civil Engineer
11,Editha,Petronis,epetronisa@eventbrite.com,Female,Internal Auditor
12,Josepha,Dolphin,jdolphinb@ocn.ne.jp,Non-binary,Account Coordinator
13,Bengt,Greenroyd,bgreenroydc@xing.com,Male,Biostatistician III
14,Giffy,Kerslake,gkerslaked@boston.com,Male,Occupational Therapist
15,Anica,Shuter,ashutere@google.pl,Female,Cost Accountant
16,Claire,Keddie,ckeddief@columbia.edu,Male,Web Designer III
17,Ivette,Tennet,itennetg@gravatar.com,Female,VP Sales
18,Franklyn,Scouller,fscoullerh@yahoo.co.jp,Male,Financial Analyst
19,Ring,Braunstein,rbraunsteini@paginegialle.it,Male,Structural Analysis Engineer
20,Darnall,Piolli,dpiollij@cisco.com,Male,Quality Control Specialist
21,Jerrilyn,Castaner,jcastanerk@e-recht24.de,Female,Financial Advisor
22,Ros,Woodman,rwoodmanl@msn.com,Female,Dental Hygienist
23,Paige,Weatherdon,pweatherdonm@oakley.com,Male,VP Marketing
24,Natalie,Cuvley,ncuvleyn@symantec.com,Female,Staff Scientist
25,Allegra,Readshall,areadshallo@trellian.com,Polygender,Research Associate
26,Angele,Darrigrand,adarrigrandp@businessweek.com,Female,Web Designer I
27,Brena,Sandal,bsandalq@github.io,Female,Nuclear Power Engineer
28,Justen,Tille,jtiller@hp.com,Male,Actuary
29,Lee,Duffyn,lduffyns@ning.com,Male,Civil Engineer
30,Desmund,Gatlin,dgatlint@oracle.com,Male,Librarian
31,Freeland,Linnard,flinnardu@alibaba.com,Male,Financial Advisor
32,Mahmud,Tissiman,mtissimanv@newyorker.com,Male,Registered Nurse
33,Isidor,Collibear,icollibearw@angelfire.com,Male,Media Manager II
34,Jenna,O'Gormley,jogormleyx@myspace.com,Non-binary,Editor
35,Sergeant,Grishagin,sgrishaginy@wufoo.com,Male,Cost Accountant
36,Devlin,Sculley,dsculleyz@chronoengine.com,Male,Paralegal
37,Cris,Keyworth,ckeyworth10@ucsd.edu,Female,Software Consultant
38,Robenia,Earingey,rearingey11@smugmug.com,Female,Environmental Specialist
39,Kimberlyn,Matzkaitis,kmatzkaitis12@usgs.gov,Female,Geologist IV
40,Jaquenetta,Golt,jgolt13@blogs.com,Female,Project Manager
41,Riccardo,Costin,rcostin14@twitter.com,Male,Research Assistant III
42,Gwenni,Michelet,gmichelet15@utexas.edu,Female,Database Administrator I
43,Michal,Di Maggio,mdimaggio16@myspace.com,Genderqueer,Assistant Manager
44,Karoly,Gresswood,kgresswood17@soup.io,Female,GIS Technical Architect
45,Chrystel,Nanninini,cnanninini18@blog.com,Female,Help Desk Technician
46,Evin,Wakerley,ewakerley19@hugedomains.com,Male,Project Manager
47,Chere,Lambricht,clambricht1a@usda.gov,Female,Design Engineer
48,Ivette,Mathen,imathen1b@instagram.com,Female,Software Engineer IV
49,Reeba,Andreas,randreas1c@yale.edu,Female,Cost Accountant
50,Aili,Schade,aschade1d@tripadvisor.com,Genderfluid,Developer II
51,Robinette,Pollastrino,rpollastrino1e@shinystat.com,Genderqueer,Research Associate
52,Adrian,Carlisso,acarlisso1f@buzzfeed.com,Male,Budget/Accounting Analyst IV
53,Laurianne,Archibold,larchibold1g@geocities.jp,Female,Recruiting Manager
54,Daveen,Trickey,dtrickey1h@cmu.edu,Female,Civil Engineer
55,Lonnie,Lafontaine,llafontaine1i@hhs.gov,Male,Senior Financial Analyst
56,Kissee,Starkey,kstarkey1j@shinystat.com,Female,Geologist II
57,Elsworth,Worstall,eworstall1k@bloglines.com,Male,Senior Quality Engineer
58,Roslyn,Nelane,rnelane1l@google.nl,Female,Software Engineer III
59,Charo,Percifull,cpercifull1m@cdbaby.com,Female,Software Consultant
60,Rudd,Reilingen,rreilingen1n@reddit.com,Male,Senior Sales Associate
61,Hayward,Dodle,hdodle1o@1und1.de,Male,Nurse Practicioner
62,Fidelia,Prettyjohn,fprettyjohn1p@wufoo.com,Female,Account Representative IV
63,Grove,Sidebotton,gsidebotton1q@google.com,Genderfluid,Senior Financial Analyst
64,Isabeau,Asple,iasple1r@people.com.cn,Female,GIS Technical Architect
65,Cash,Kissack,ckissack1s@plala.or.jp,Male,Help Desk Technician
66,Aile,Castrillo,acastrillo1t@nbcnews.com,Female,Sales Associate
67,Trudey,Abrahamian,tabrahamian1u@over-blog.com,Female,Health Coach I
68,Sebastiano,L'Episcopio,slepiscopio1v@hao123.com,Male,Systems Administrator I
69,Law,Mantione,lmantione1w@about.com,Male,Recruiting Manager
70,Benny,Amiranda,bamiranda1x@yale.edu,Female,Statistician III
71,Jere,Heak,jheak1y@baidu.com,Genderfluid,Physical Therapy Assistant
72,Bastien,Weins,bweins1z@shinystat.com,Male,VP Marketing
73,Avigdor,Devigne,adevigne20@multiply.com,Male,Programmer Analyst II
74,Alejandrina,Crowd,acrowd21@who.int,Genderqueer,Business Systems Development Analyst
75,Johnny,Bramhill,jbramhill22@unblog.fr,Male,Administrative Assistant I
76,Johannes,Cready,jcready23@ifeng.com,Male,Environmental Tech
77,Clyve,Flamank,cflamank24@unesco.org,Male,Recruiter
78,Garnette,Tuson,gtuson25@howstuffworks.com,Female,Structural Engineer
79,Kalil,Barde,kbarde26@state.gov,Male,Food Chemist
80,Dew,Stoppe,dstoppe27@example.com,Male,VP Marketing
81,Pattin,Haversum,phaversum28@illinois.edu,Polygender,GIS Technical Architect
82,Arluene,Decayette,adecayette29@parallels.com,Female,Sales Associate
83,Alair,Ridd,aridd2a@google.fr,Male,Accountant III
84,Laird,Hennemann,lhennemann2b@whitehouse.gov,Male,Graphic Designer
85,Ban,Ashtonhurst,bashtonhurst2c@godaddy.com,Male,Programmer IV
86,Seth,Klemenz,sklemenz2d@utexas.edu,Male,Account Representative I
87,Albina,Pymer,apymer2e@drupal.org,Female,Operator
88,Tris,Standering,tstandering2f@virginia.edu,Male,Accounting Assistant II
89,Krissy,Belin,kbelin2g@unblog.fr,Female,Pharmacist
90,Hale,McGirr,hmcgirr2h@china.com.cn,Male,Administrative Officer
91,Elisha,Digby,edigby2i@hubpages.com,Female,Dental Hygienist
92,Stephannie,Truter,struter2j@bbb.org,Female,Software Consultant
93,Carma,Teodorski,cteodorski2k@engadget.com,Female,Operator
94,Silva,Colomb,scolomb2l@creativecommons.org,Female,Tax Accountant
95,Rosita,Hudspeth,rhudspeth2m@tripadvisor.com,Female,Dental Hygienist
96,Leupold,Stroder,lstroder2n@epa.gov,Male,Programmer III
97,Bennett,Gregolotti,bgregolotti2o@ezinearticles.com,Male,Administrative Assistant II
98,Vivyan,Olivet,volivet2p@flickr.com,Female,Quality Control Specialist
99,Byron,Tillett,btillett2q@squarespace.com,Male,Data Coordinator
100,Joaquin,Salasar,jsalasar2r@telegraph.co.uk,Male,Accounting Assistant II
101,Jennie,Adamek,jadamek2s@cyberchimps.com,Female,Teacher
102,Marylinda,Gifford,mgifford2t@prnewswire.com,Female,Information Systems Manager
103,Gun,Kidson,gkidson2u@nasa.gov,Male,Speech Pathologist
104,Ross,Gounin,rgounin2v@elpais.com,Male,VP Sales
105,Leo,Denyukhin,ldenyukhin2w@1688.com,Male,Pharmacist
106,Jackelyn,De Atta,jdeatta2x@artisteer.com,Female,Food Chemist
107,Deloris,Wybron,dwybron2y@e-recht24.de,Female,Statistician I
108,Mayer,Gimblet,mgimblet2z@ted.com,Male,Automation Specialist II
109,Cassius,Tethacot,ctethacot30@surveymonkey.com,Male,Operator
110,Giffer,Date,gdate31@addthis.com,Male,Engineer IV
111,Kyrstin,Lieb,klieb32@trellian.com,Female,Sales Representative
112,Andrei,Stalman,astalman33@dot.gov,Female,Operator
113,Margeaux,Selly,mselly34@about.me,Female,Tax Accountant
114,Emerson,Southward,esouthward35@sohu.com,Male,Registered Nurse
115,Ken,Drinkall,kdrinkall36@census.gov,Male,Accountant II
116,Hunt,Caygill,hcaygill37@scientificamerican.com,Male,Structural Analysis Engineer
117,Cammie,Doret,cdoret38@barnesandnoble.com,Female,Accounting Assistant III
118,Jazmin,Olivari,jolivari39@wiley.com,Female,Database Administrator III
119,King,Chettle,kchettle3a@slideshare.net,Male,Administrative Officer
120,Cy,Millwater,cmillwater3b@columbia.edu,Male,Nuclear Power Engineer
121,Grove,Yegorshin,gyegorshin3c@wired.com,Genderfluid,Business Systems Development Analyst
122,Blayne,Bessant,bbessant3d@furl.net,Male,Director of Sales
123,Cordi,Furlong,cfurlong3e@google.it,Female,Mechanical Systems Engineer
124,Mahalia,Olpin,molpin3f@squidoo.com,Female,Structural Engineer
125,Gilly,Audas,gaudas3g@simplemachines.org,Female,Payment Adjustment Coordinator
126,Sauncho,O'Hannigan,sohannigan3h@webnode.com,Male,Graphic Designer
127,Bari,Forsyth,bforsyth3i@accuweather.com,Non-binary,Software Consultant
128,Harlen,Cornil,hcornil3j@un.org,Male,Information Systems Manager
129,Jacquelyn,Chadband,jchadband3k@sphinn.com,Female,VP Accounting
130,Jeff,Rogger,jrogger3l@sitemeter.com,Male,Accountant II
131,Tiffanie,Swiffan,tswiffan3m@istockphoto.com,Female,Chief Design Engineer
132,Boycie,Poppy,bpoppy3n@xrea.com,Male,Statistician II
133,Anson,Usmar,ausmar3o@naver.com,Male,Analog Circuit Design manager
134,Stephen,Ballinghall,sballinghall3p@a8.net,Male,Internal Auditor
135,Evan,Vasyunichev,evasyunichev3q@odnoklassniki.ru,Male,Community Outreach Specialist
136,Germain,Robbeke,grobbeke3r@wordpress.com,Male,VP Marketing
137,Arielle,Myott,amyott3s@rediff.com,Female,Staff Scientist
138,Cobb,Bantham,cbantham3t@marriott.com,Male,Biostatistician II
139,Land,Portriss,lportriss3u@so-net.ne.jp,Male,Analog Circuit Design manager
140,Peggie,Carswell,pcarswell3v@disqus.com,Female,Structural Analysis Engineer
141,Linnet,Pagden,lpagden3w@usnews.com,Female,Legal Assistant
142,Jeremy,Reisenstein,jreisenstein3x@cdbaby.com,Male,Nurse
143,Norton,De la Perrelle,ndelaperrelle3y@ustream.tv,Male,Analyst Programmer
144,Web,Camocke,wcamocke3z@surveymonkey.com,Male,Director of Sales
145,Kizzee,Drew,kdrew40@twitpic.com,Female,Administrative Assistant I
146,Robinet,Holyland,rholyland41@ihg.com,Female,Administrative Officer
147,Berty,Gillard,bgillard42@seattletimes.com,Male,Systems Administrator III
148,Joelie,D'Costa,jdcosta43@posterous.com,Female,Accounting Assistant I
149,Judon,Kollach,jkollach44@seattletimes.com,Male,Analyst Programmer
150,Colly,Reinger,creinger45@ibm.com,Female,Senior Editor
151,Cherish,Sket,csket46@apple.com,Female,Chief Design Engineer
152,Winonah,MacLoughlin,wmacloughlin47@wix.com,Genderfluid,VP Accounting
153,Inge,Sweatland,isweatland48@intel.com,Female,Food Chemist
154,Carlen,Brumham,cbrumham49@lulu.com,Female,Chemical Engineer
155,Alfredo,Mc Andrew,amcandrew4a@behance.net,Male,Geologist II
156,Trev,Lowrance,tlowrance4b@mtv.com,Male,Information Systems Manager
157,Cristionna,McBrearty,cmcbrearty4c@diigo.com,Female,Financial Analyst
158,Anjanette,Hurtado,ahurtado4d@homestead.com,Female,Media Manager I
159,Adorne,Awty,aawty4e@behance.net,Female,Programmer Analyst III
160,Garvin,Wellen,gwellen4f@privacy.gov.au,Male,Legal Assistant
161,Michael,Joul,mjoul4g@newyorker.com,Male,Staff Accountant IV
162,Sawyer,Dealtry,sdealtry4h@artisteer.com,Male,VP Marketing
163,Orbadiah,St Angel,ostangel4i@telegraph.co.uk,Male,Mechanical Systems Engineer
164,Inessa,Cockroft,icockroft4j@cpanel.net,Female,Social Worker
165,Xaviera,Mosten,xmosten4k@freewebs.com,Female,Financial Analyst
166,Gypsy,Spread,gspread4l@google.com,Female,Speech Pathologist
167,Lilly,Baudesson,lbaudesson4m@uiuc.edu,Female,Electrical Engineer
168,Donetta,Eby,deby4n@npr.org,Female,Geologist IV
169,Joela,Smellie,jsmellie4o@slate.com,Female,VP Product Management
170,Frederigo,Crowd,fcrowd4p@hhs.gov,Male,Mechanical Systems Engineer
171,Glenden,Risbridger,grisbridger4q@comsenz.com,Agender,Senior Sales Associate
172,Linzy,Fremantle,lfremantle4r@psu.edu,Agender,Budget/Accounting Analyst I
173,Sandy,Shapcote,sshapcote4s@prnewswire.com,Female,Social Worker
174,Jenna,Ranken,jranken4t@rediff.com,Female,Safety Technician IV
175,Rosalia,Weedon,rweedon4u@friendfeed.com,Female,Accounting Assistant I
176,Carlin,Muff,cmuff4v@omniture.com,Male,Account Representative II
177,Bendix,Carradice,bcarradice4w@gravatar.com,Male,Sales Representative
178,Kora,Rudman,krudman4x@kickstarter.com,Female,Safety Technician III
179,Linnell,Littell,llittell4y@soup.io,Female,Assistant Manager
180,Findlay,Haston,fhaston4z@imdb.com,Male,Junior Executive
181,Deny,Sancraft,dsancraft50@patch.com,Female,Graphic Designer
182,Amby,Foukx,afoukx51@webnode.com,Male,VP Marketing
183,Alisa,enzley,aenzley52@tinyurl.com,Female,Teacher
184,Nicholas,Rate,nrate53@posterous.com,Polygender,Safety Technician IV
185,Nester,Retchford,nretchford54@zimbio.com,Male,Paralegal
186,Welch,Yusupov,wyusupov55@mtv.com,Male,Senior Cost Accountant
187,Janka,Jain,jjain56@spotify.com,Female,Cost Accountant
188,Melany,Andrichak,mandrichak57@liveinternet.ru,Female,Project Manager
189,Guenna,Antat,gantat58@miibeian.gov.cn,Female,Data Coordinator
190,Agretha,Leverage,aleverage59@cmu.edu,Female,Librarian
191,Beryle,Yeatman,byeatman5a@soup.io,Female,Senior Quality Engineer
192,Serena,Leneve,sleneve5b@gmpg.org,Female,Product Engineer
193,Ximenez,Gerger,xgerger5c@bbb.org,Male,Quality Control Specialist
194,Thacher,Pietersen,tpietersen5d@purevolume.com,Male,Geological Engineer
195,Prisca,Bachshell,pbachshell5e@microsoft.com,Female,Computer Systems Analyst IV
196,Lacy,Coon,lcoon5f@ebay.com,Female,Speech Pathologist
197,Matthieu,Rosellini,mrosellini5g@go.com,Male,Paralegal
198,Karalynn,Elleyne,kelleyne5h@washington.edu,Female,Analog Circuit Design manager
199,Myca,Anthiftle,manthiftle5i@prnewswire.com,Male,VP Sales
200,Morgen,Clashe,mclashe5j@netscape.com,Female,Data Coordinator
201,Merla,MacSporran,mmacsporran5k@cdc.gov,Genderqueer,Developer III
202,Datha,Fishly,dfishly5l@i2i.jp,Female,VP Accounting
203,Zacharie,Warre,zwarre5m@bloomberg.com,Male,Chemical Engineer
204,Shelagh,Pope,spope5n@histats.com,Female,Administrative Assistant II
205,Branden,Amsden,bamsden5o@yahoo.com,Agender,Software Consultant
206,Renell,Ransbury,rransbury5p@xing.com,Female,Accounting Assistant III
207,Gibby,Cosslett,gcosslett5q@hibu.com,Genderfluid,Clinical Specialist
208,Carlo,Jiracek,cjiracek5r@china.com.cn,Genderfluid,Nuclear Power Engineer
209,Danya,Bessant,dbessant5s@chicagotribune.com,Female,Web Designer II
210,Isadore,Berston,iberston5t@bravesites.com,Male,Developer III
211,Lyndsie,Patron,lpatron5u@chronoengine.com,Genderfluid,VP Sales
212,Hillery,Duffill,hduffill5v@uol.com.br,Male,Design Engineer
213,Missie,Hayhurst,mhayhurst5w@a8.net,Female,Developer I
214,Cullin,Rosewell,crosewell5x@answers.com,Male,Technical Writer
215,Jorge,Raywood,jraywood5y@myspace.com,Male,Occupational Therapist
216,Nikolos,Auchterlony,nauchterlony5z@netscape.com,Male,Environmental Specialist
217,Malvin,Goodsell,mgoodsell60@xinhuanet.com,Male,General Manager
218,Frieda,Doree,fdoree61@google.ca,Female,Tax Accountant
219,Lorie,Dugall,ldugall62@seesaa.net,Female,Community Outreach Specialist
220,Margeaux,Presland,mpresland63@craigslist.org,Female,VP Quality Control
221,Brucie,Impy,bimpy64@google.com.br,Male,Human Resources Assistant I
222,Felecia,Welfair,fwelfair65@chronoengine.com,Female,Research Associate
223,Temp,Dibner,tdibner66@nba.com,Male,Office Assistant III
224,Marlena,Worlock,mworlock67@hugedomains.com,Female,Help Desk Technician
225,Fayre,Kennelly,fkennelly68@accuweather.com,Female,Professor
226,Faina,Delgadillo,fdelgadillo69@webeden.co.uk,Female,Product Engineer
227,Cynthy,Goadbie,cgoadbie6a@last.fm,Female,Research Assistant IV
228,Bernie,Mangon,bmangon6b@apple.com,Female,Physical Therapy Assistant
229,Junina,Banville,jbanville6c@rambler.ru,Genderfluid,Marketing Manager
230,Tiffanie,Cristofor,tcristofor6d@cocolog-nifty.com,Female,Electrical Engineer
231,Yehudi,Brandsen,ybrandsen6e@seattletimes.com,Male,Research Assistant III
232,Misha,Gritskov,mgritskov6f@va.gov,Female,Web Developer I
233,Royal,Mattholie,rmattholie6g@google.com.br,Male,Editor
234,Bellina,MacTrustam,bmactrustam6h@behance.net,Female,Information Systems Manager
235,Lanita,Battie,lbattie6i@thetimes.co.uk,Bigender,Nurse
236,Finlay,Seldon,fseldon6j@feedburner.com,Male,Associate Professor
237,Ruthann,Brough,rbrough6k@dyndns.org,Female,Systems Administrator I
238,Danni,Dyas,ddyas6l@pcworld.com,Genderfluid,Executive Secretary
239,Kira,Sturdey,ksturdey6m@gizmodo.com,Female,Registered Nurse
240,Skipton,Pitceathly,spitceathly6n@instagram.com,Male,Legal Assistant
241,Rhetta,Etter,retter6o@microsoft.com,Female,Senior Developer
242,Ana,Barke,abarke6p@51.la,Female,Developer III
243,Melisandra,Derricoat,mderricoat6q@wordpress.com,Female,Professor
244,Ramsey,Elen,relen6r@mapy.cz,Male,Senior Sales Associate
245,Hallie,Husthwaite,hhusthwaite6s@photobucket.com,Female,Software Engineer I
246,Bald,Isgar,bisgar6t@histats.com,Male,Social Worker
247,Sloane,Shrimptone,sshrimptone6u@va.gov,Male,Accountant I
248,Ardenia,Castledine,acastledine6v@disqus.com,Genderqueer,Senior Developer
249,Dannye,Reinger,dreinger6w@parallels.com,Female,Senior Editor
250,Marsiella,Moran,mmoran6x@redcross.org,Female,Financial Analyst
251,Jean,Domino,jdomino6y@mapquest.com,Male,Chemical Engineer
252,Evelyn,Walles,ewalles6z@virginia.edu,Female,GIS Technical Architect
253,Rickie,Christin,rchristin70@is.gd,Male,Junior Executive
254,Giusto,Gronou,ggronou71@economist.com,Non-binary,Speech Pathologist
255,Marcellus,Marjot,mmarjot72@live.com,Male,Professor
256,Rochester,Strangeway,rstrangeway73@usatoday.com,Male,Speech Pathologist
257,Wildon,Birdall,wbirdall74@kickstarter.com,Male,Clinical Specialist
258,Darcey,Shipton,dshipton75@issuu.com,Female,Environmental Specialist
259,Samara,Ravenshear,sravenshear76@princeton.edu,Female,VP Accounting
260,Allina,Davley,adavley77@cocolog-nifty.com,Female,Professor
261,Forster,Priestland,fpriestland78@phoca.cz,Male,Administrative Officer
262,Emera,Tough,etough79@stanford.edu,Female,Civil Engineer
263,Janaya,Jerred,jjerred7a@oakley.com,Female,Sales Associate
264,Briny,Landre,blandre7b@g.co,Female,Product Engineer
265,Fin,Ferrieri,fferrieri7c@java.com,Male,Senior Cost Accountant
266,Ethelyn,Ceeley,eceeley7d@chicagotribune.com,Female,Account Executive
267,Chelsea,Gresly,cgresly7e@nih.gov,Female,Professor
268,Stearne,Irlam,sirlam7f@alibaba.com,Male,Nuclear Power Engineer
269,Ed,Ikin,eikin7g@weather.com,Male,Assistant Manager
270,Aldrich,Conklin,aconklin7h@eventbrite.com,Agender,Quality Control Specialist
271,Say,Bond,sbond7i@google.com.br,Genderqueer,Accountant III
272,Bank,Verbeke,bverbeke7j@mapy.cz,Male,Financial Analyst
273,Sullivan,Sear,ssear7k@dion.ne.jp,Male,Research Associate
274,Aloise,Winridge,awinridge7l@sun.com,Female,Quality Control Specialist
275,Renell,MacFadyen,rmacfadyen7m@mail.ru,Female,Quality Engineer
276,Janaye,Chastanet,jchastanet7n@dailymail.co.uk,Female,Business Systems Development Analyst
277,Klarrisa,Keggins,kkeggins7o@census.gov,Female,Associate Professor
278,Hall,Bartley,hbartley7p@cbc.ca,Male,Software Test Engineer IV
279,Evelyn,Morrant,emorrant7q@businessinsider.com,Male,Recruiter
280,Cosimo,Telezhkin,ctelezhkin7r@netvibes.com,Male,Registered Nurse
281,Hollie,Beamand,hbeamand7s@si.edu,Female,Structural Analysis Engineer
282,Mikael,Brydell,mbrydell7t@goo.gl,Male,Account Representative III
283,Simone,Sultana,ssultana7u@state.tx.us,Agender,Operator
284,Hilliard,Horley,hhorley7v@hexun.com,Male,General Manager
285,Katerine,Galfour,kgalfour7w@bloglines.com,Female,Graphic Designer
286,Norris,Gannicott,ngannicott7x@artisteer.com,Male,Community Outreach Specialist
287,Anne,Pecha,apecha7y@theatlantic.com,Female,Programmer III
288,Blair,Simenon,bsimenon7z@vkontakte.ru,Male,Editor
289,Lorita,Elleton,lelleton80@imdb.com,Female,General Manager
290,Dunstan,Segges,dsegges81@msn.com,Male,Senior Developer
291,Alastair,Slowgrove,aslowgrove82@printfriendly.com,Male,Associate Professor
292,Mortie,Causbey,mcausbey83@bbb.org,Male,Occupational Therapist
293,Ethan,Allardyce,eallardyce84@hostgator.com,Male,Quality Control Specialist
294,Friedrich,Grzeskowski,fgrzeskowski85@usa.gov,Male,Senior Sales Associate
295,Alida,Witchalls,awitchalls86@npr.org,Female,Environmental Specialist
296,Kimble,Ascrofte,kascrofte87@google.nl,Male,Analog Circuit Design manager
297,Louis,Ruddick,lruddick88@webmd.com,Bigender,Marketing Manager
298,Everard,Wapplington,ewapplington89@sourceforge.net,Male,Structural Engineer
299,Willabella,Strickland,wstrickland8a@stanford.edu,Female,Accountant III
300,Andriana,Baudin,abaudin8b@narod.ru,Female,Pharmacist
301,Lizzy,Messam,lmessam8c@tuttocitta.it,Female,Software Test Engineer I
302,Delinda,Kempstone,dkempstone8d@aboutads.info,Female,Assistant Manager
303,Leese,Athow,lathow8e@indiatimes.com,Female,Marketing Manager
304,Tadio,Latore,tlatore8f@amazonaws.com,Genderfluid,Computer Systems Analyst I
305,Bianka,Rheaume,brheaume8g@howstuffworks.com,Female,Tax Accountant
306,Berti,Ivers,bivers8h@opensource.org,Male,Dental Hygienist
307,Debra,Charge,dcharge8i@va.gov,Female,Mechanical Systems Engineer
308,Cyril,Caven,ccaven8j@ebay.com,Male,Junior Executive
309,Anne,Bows,abows8k@vistaprint.com,Female,Structural Engineer
310,Phillip,Stocks,pstocks8l@china.com.cn,Male,Web Developer I
311,Markus,Butland,mbutland8m@marriott.com,Male,Help Desk Operator
312,Kamilah,Corsor,kcorsor8n@google.pl,Female,Occupational Therapist
313,Mureil,Baford,mbaford8o@eventbrite.com,Female,Food Chemist
314,Kath,Bidgod,kbidgod8p@so-net.ne.jp,Bigender,Assistant Professor
315,Royall,de Lloyd,rdelloyd8q@psu.edu,Male,Electrical Engineer
316,Brantley,Kellet,bkellet8r@ibm.com,Male,Junior Executive
317,Stepha,Scarce,sscarce8s@amazon.de,Female,Nurse Practicioner
318,Barry,Loines,bloines8t@state.tx.us,Male,Project Manager
319,Fleurette,Tixier,ftixier8u@amazonaws.com,Female,Design Engineer
320,Skye,Stanlake,sstanlake8v@163.com,Male,Research Assistant II
321,Julius,Danielian,jdanielian8w@irs.gov,Male,Account Executive
322,Nathanil,Philps,nphilps8x@census.gov,Male,Chemical Engineer
323,Christoph,Trowill,ctrowill8y@zdnet.com,Male,Mechanical Systems Engineer
324,Henka,Haglinton,hhaglinton8z@google.com,Agender,Automation Specialist II
325,Dillie,McCallum,dmccallum90@bloglovin.com,Male,Biostatistician IV
326,Jarrid,Firebrace,jfirebrace91@umich.edu,Male,Senior Editor
327,Cornell,Bente,cbente92@friendfeed.com,Male,Systems Administrator I
328,Brendon,Sheddan,bsheddan93@wunderground.com,Bigender,Media Manager IV
329,Sherlock,Canning,scanning94@state.tx.us,Male,Account Representative II
330,Siward,Hebborne,shebborne95@webnode.com,Male,Teacher
331,Robinson,Biggans,rbiggans96@disqus.com,Male,Programmer II
332,Ailina,Lapish,alapish97@wordpress.com,Female,Nurse Practicioner
333,Boot,Shellshear,bshellshear98@telegraph.co.uk,Male,Environmental Tech
334,Selma,Glass,sglass99@nasa.gov,Genderqueer,Teacher
335,Aloysius,Leimster,aleimster9a@imgur.com,Male,Geologist IV
336,Hebert,Simeoli,hsimeoli9b@godaddy.com,Male,Geologist III
337,Elisabetta,Rothera,erothera9c@barnesandnoble.com,Female,Database Administrator III
338,Manny,Benedikt,mbenedikt9d@homestead.com,Male,Help Desk Operator
339,Codi,Harnell,charnell9e@npr.org,Male,Software Engineer III
340,Son,Beamish,sbeamish9f@1und1.de,Male,Social Worker
341,Terry,Luxmoore,tluxmoore9g@tinypic.com,Male,Clinical Specialist
342,Flem,Ossenna,fossenna9h@uol.com.br,Male,Structural Analysis Engineer
343,Clea,Hazeley,chazeley9i@phpbb.com,Female,Senior Financial Analyst
344,Stanley,Basili,sbasili9j@e-recht24.de,Male,Business Systems Development Analyst
345,Davida,Madgin,dmadgin9k@howstuffworks.com,Agender,Recruiting Manager
346,Osmond,Boulder,oboulder9l@nih.gov,Male,Mechanical Systems Engineer
347,Isidoro,Lyburn,ilyburn9m@vk.com,Bigender,Physical Therapy Assistant
348,Alia,Dyers,adyers9n@dagondesign.com,Female,Information Systems Manager
349,Torrin,Di Biasio,tdibiasio9o@examiner.com,Male,Food Chemist
350,Teador,Swiffen,tswiffen9p@angelfire.com,Male,Chief Design Engineer
351,Rolland,Goacher,rgoacher9q@upenn.edu,Male,Nuclear Power Engineer
352,Roman,Theaker,rtheaker9r@51.la,Male,Software Test Engineer I
353,Rik,Lawles,rlawles9s@networksolutions.com,Polygender,Business Systems Development Analyst
354,Mauricio,Sewall,msewall9t@furl.net,Male,Nurse Practicioner
355,Roberta,Plaistowe,rplaistowe9u@tripadvisor.com,Female,Professor
356,Winslow,Taggett,wtaggett9v@hud.gov,Male,Senior Financial Analyst
357,Neel,Grevatt,ngrevatt9w@rambler.ru,Genderqueer,Environmental Tech
358,Georgiana,Hanks,ghanks9x@fda.gov,Female,Community Outreach Specialist
359,Shandee,Casaccio,scasaccio9y@mediafire.com,Female,Web Designer IV
360,Frederica,Saph,fsaph9z@ft.com,Female,Clinical Specialist
361,Dame,Haughin,dhaughina0@storify.com,Male,Junior Executive
362,Jyoti,Ricco,jriccoa1@sciencedirect.com,Female,Electrical Engineer
363,Bo,Dearn,bdearna2@linkedin.com,Male,Editor
364,Paddy,Baitson,pbaitsona3@example.com,Male,Help Desk Operator
365,Iona,Grutchfield,igrutchfielda4@ow.ly,Female,Operator
366,Ursula,Medlin,umedlina5@miibeian.gov.cn,Non-binary,Engineer I
367,Twila,Bloyes,tbloyesa6@twitter.com,Female,Chemical Engineer
368,Jessica,Moberley,jmoberleya7@economist.com,Female,Health Coach II
369,Dinnie,Beardwood,dbeardwooda8@ocn.ne.jp,Female,Chief Design Engineer
370,Quillan,Merchant,qmerchanta9@reverbnation.com,Male,Research Nurse
371,Marie,Stuck,mstuckaa@sciencedaily.com,Female,Senior Quality Engineer
372,Bone,Burthom,bburthomab@slideshare.net,Male,Librarian
373,Marley,Downer,mdownerac@parallels.com,Female,Chemical Engineer
374,Julia,Van der Velden,jvanderveldenad@google.ca,Female,Web Designer III
375,Nichole,Newlan,nnewlanae@jimdo.com,Male,Assistant Manager
376,Holly,Hansbury,hhansburyaf@spiegel.de,Male,Information Systems Manager
377,Alejoa,Smallbone,asmallboneag@nyu.edu,Male,Business Systems Development Analyst
378,Virge,Seathwright,vseathwrightah@xing.com,Male,Engineer II
379,Niccolo,Bilborough,nbilboroughai@domainmarket.com,Male,Mechanical Systems Engineer
380,Reinold,O'Shevlan,roshevlanaj@virginia.edu,Genderfluid,Financial Analyst
381,June,Joule,jjouleak@princeton.edu,Female,Senior Sales Associate
382,Gladys,Asker,gaskeral@tinypic.com,Female,Environmental Specialist
383,Ketti,Luton,klutonam@mtv.com,Female,Civil Engineer
384,Odelinda,Garms,ogarmsan@printfriendly.com,Female,Media Manager I
385,Aurlie,Ride,arideao@wp.com,Female,Director of Sales
386,Rosetta,Bolding,rboldingap@scientificamerican.com,Female,Research Assistant II
387,Carmine,Paine,cpaineaq@craigslist.org,Male,Systems Administrator IV
388,Stafani,Lyte,slytear@purevolume.com,Female,Data Coordinator
389,Carter,Rudge,crudgeas@telegraph.co.uk,Male,Software Engineer IV
390,Fredek,Bankhurst,fbankhurstat@ocn.ne.jp,Male,Safety Technician III
391,Augustus,Westfalen,awestfalenau@seesaa.net,Male,Nurse Practicioner
392,Dorothy,Penticost,dpenticostav@cbsnews.com,Female,Senior Developer
393,Shani,Lovitt,slovittaw@ask.com,Female,Pharmacist
394,Meagan,Endecott,mendecottax@ifeng.com,Female,Safety Technician I
395,Any,Fairfoul,afairfoulay@jalbum.net,Male,Database Administrator I
396,Kayle,Moran,kmoranaz@digg.com,Female,Engineer III
397,Steve,Jollands,sjollandsb0@comcast.net,Male,Design Engineer
398,Kristos,Inchboard,kinchboardb1@hatena.ne.jp,Polygender,Civil Engineer
399,Emmye,Reynolds,ereynoldsb2@statcounter.com,Female,Environmental Specialist
400,Elsinore,Basile,ebasileb3@yandex.ru,Female,Administrative Officer
401,Tonye,Seater,tseaterb4@php.net,Female,Administrative Assistant IV
402,Cristobal,Zorzetti,czorzettib5@dmoz.org,Polygender,Assistant Professor
403,Lemuel,Petit,lpetitb6@themeforest.net,Non-binary,General Manager
404,Janetta,St Leger,jstlegerb7@ocn.ne.jp,Female,VP Sales
405,Zora,Kerkham,zkerkhamb8@stanford.edu,Female,VP Marketing
406,Francis,Rollingson,frollingsonb9@barnesandnoble.com,Male,Actuary
407,Winn,Gurko,wgurkoba@over-blog.com,Agender,Marketing Assistant
408,Alia,Cammis,acammisbb@indiegogo.com,Genderfluid,Structural Engineer
409,Alanson,Muff,amuffbc@usa.gov,Male,Statistician II
410,Veradis,Fauning,vfauningbd@amazonaws.com,Female,VP Sales
411,Leanor,Proudley,lproudleybe@feedburner.com,Female,Nurse
412,Berkley,Wickersley,bwickersleybf@virginia.edu,Male,Web Developer I
413,Kiersten,Davidovic,kdavidovicbg@twitter.com,Female,VP Accounting
414,Janetta,Thecham,jthechambh@un.org,Female,Food Chemist
415,Rufus,Dawtrey,rdawtreybi@jalbum.net,Male,Senior Sales Associate
416,Addy,Donisi,adonisibj@sciencedirect.com,Female,Community Outreach Specialist
417,Kathleen,Salmen,ksalmenbk@infoseek.co.jp,Female,VP Accounting
418,Ramsay,McGougan,rmcgouganbl@myspace.com,Male,Marketing Assistant
419,Sly,Dorricott,sdorricottbm@wikipedia.org,Non-binary,Registered Nurse
420,Aubry,Assinder,aassinderbn@xrea.com,Female,Sales Associate
421,Scott,Lympenie,slympeniebo@phpbb.com,Male,Help Desk Operator
422,Genevieve,Rockhall,grockhallbp@fema.gov,Female,Senior Quality Engineer
423,Hewet,Dorman,hdormanbq@accuweather.com,Non-binary,Structural Analysis Engineer
424,Drew,Peattie,dpeattiebr@biblegateway.com,Male,Structural Engineer
425,Misti,Scotchbrook,mscotchbrookbs@vk.com,Female,Associate Professor
426,Malva,Clemmett,mclemmettbt@cbslocal.com,Female,Administrative Assistant IV
427,Bertine,Keighly,bkeighlybu@imageshack.us,Female,Design Engineer
428,Alexandro,Southon,asouthonbv@cbc.ca,Polygender,Programmer II
429,Brnaby,Bleasdille,bbleasdillebw@wix.com,Male,Social Worker
430,Casey,Edgin,cedginbx@blogger.com,Female,Sales Associate
431,Ray,Kornas,rkornasby@yale.edu,Female,Research Nurse
432,Lewie,Waterland,lwaterlandbz@devhub.com,Male,Database Administrator I
433,Angelle,Flecknoe,aflecknoec0@dell.com,Female,Speech Pathologist
434,Bev,Softley,bsoftleyc1@alibaba.com,Female,Research Nurse
435,Vanna,Shead,vsheadc2@photobucket.com,Female,Research Assistant II
436,Ruddie,Silbersak,rsilbersakc3@etsy.com,Male,Analyst Programmer
437,Alys,Haines,ahainesc4@baidu.com,Female,Web Developer II
438,Jocelin,Helliwell,jhelliwellc5@nhs.uk,Female,Recruiter
439,Janith,Blakebrough,jblakebroughc6@sciencedirect.com,Female,Research Assistant III
440,Miguel,Petri,mpetric7@cam.ac.uk,Male,Electrical Engineer
441,Noelani,Brunelleschi,nbrunelleschic8@census.gov,Female,Health Coach IV
442,Ange,Zettoi,azettoic9@dedecms.com,Male,Web Designer I
443,Wilden,Plenty,wplentyca@angelfire.com,Male,Social Worker
444,Jed,Symes,jsymescb@timesonline.co.uk,Male,Social Worker
445,Lee,Bynert,lbynertcc@globo.com,Male,Payment Adjustment Coordinator
446,Jorge,Pervew,jpervewcd@guardian.co.uk,Male,Staff Accountant II
447,Faulkner,Beels,fbeelsce@fda.gov,Male,VP Sales
448,Adham,Gooley,agooleycf@time.com,Male,Registered Nurse
449,Auguste,Rumble,arumblecg@epa.gov,Female,Editor
450,Lotti,Lascell,llascellch@mashable.com,Female,Database Administrator IV
451,Sile,Etheredge,setheredgeci@blogspot.com,Female,Research Associate
452,Talbert,Durban,tdurbancj@sakura.ne.jp,Male,Senior Sales Associate
453,Ann-marie,Sone,asoneck@google.nl,Female,Computer Systems Analyst IV
454,Melinda,Ramm,mrammcl@dagondesign.com,Female,Help Desk Operator
455,Rebekkah,Tribe,rtribecm@acquirethisname.com,Female,Actuary
456,Norrie,Duckhouse,nduckhousecn@bing.com,Female,Nurse
457,Lottie,Ottosen,lottosenco@slideshare.net,Female,Research Nurse
458,Armand,Sauven,asauvencp@wikia.com,Male,Assistant Media Planner
459,Prue,Leythley,pleythleycq@parallels.com,Female,Administrative Assistant III
460,Darb,Tippetts,dtippettscr@friendfeed.com,Genderqueer,Accounting Assistant IV
461,Anette,Haizelden,ahaizeldencs@zimbio.com,Female,Senior Editor
462,Cassie,McAndie,cmcandiect@businessinsider.com,Male,Graphic Designer
463,Case,Deporte,cdeportecu@gizmodo.com,Male,Professor
464,Chelsae,Kmietsch,ckmietschcv@mysql.com,Female,Web Developer II
465,Roxi,Bernolet,rbernoletcw@geocities.com,Agender,Engineer IV
466,Wes,Clarae,wclaraecx@slate.com,Male,Computer Systems Analyst IV
467,Brent,Shieber,bshiebercy@imdb.com,Male,Mechanical Systems Engineer
468,Mariya,Peasegod,mpeasegodcz@usgs.gov,Female,Programmer IV
469,Nikki,MacTrustie,nmactrustied0@goodreads.com,Male,Social Worker
470,Justinian,Fumagalli,jfumagallid1@xinhuanet.com,Male,Technical Writer
471,Biron,Lux,bluxd2@earthlink.net,Male,Financial Analyst
472,Orelie,Vasilov,ovasilovd3@elpais.com,Polygender,Chief Design Engineer
473,Mateo,Woolacott,mwoolacottd4@nytimes.com,Genderqueer,Associate Professor
474,Fanchon,Ference,fferenced5@virginia.edu,Female,Health Coach IV
475,Lemmie,Hambly,lhamblyd6@trellian.com,Genderfluid,Structural Analysis Engineer
476,Reeva,Coursor,rcoursord7@reddit.com,Female,Assistant Media Planner
477,Sauveur,Welden,sweldend8@cbslocal.com,Male,Speech Pathologist
478,Orelle,Lachaize,olachaized9@google.co.uk,Polygender,Account Executive
479,Stefan,Reynoldson,sreynoldsonda@wufoo.com,Male,Research Assistant III
480,Tatiania,Cruse,tcrusedb@ftc.gov,Non-binary,Safety Technician II
481,Kelsey,Rapley,krapleydc@goo.gl,Female,Analyst Programmer
482,Lyssa,Diggens,ldiggensdd@shop-pro.jp,Polygender,Programmer II
483,Debby,Dunnico,ddunnicode@bing.com,Female,Mechanical Systems Engineer
484,Oliy,Snedden,osneddendf@paypal.com,Female,Speech Pathologist
485,Ileane,Merrywether,imerrywetherdg@businesswire.com,Genderqueer,Actuary
486,Bari,Watkins,bwatkinsdh@nature.com,Female,Recruiting Manager
487,Lila,Fruser,lfruserdi@hexun.com,Female,Staff Scientist
488,Abra,Lloyds,alloydsdj@upenn.edu,Female,Legal Assistant
489,Ettore,Kerwood,ekerwooddk@samsung.com,Genderqueer,Structural Analysis Engineer
490,Philomena,Fido,pfidodl@photobucket.com,Female,Research Assistant II
491,Cristian,O'Carney,cocarneydm@businessinsider.com,Male,Food Chemist
492,Arliene,Woodes,awoodesdn@ted.com,Female,Nurse
493,Corey,Oda,codado@google.co.jp,Female,VP Quality Control
494,Theobald,Thomerson,tthomersondp@surveymonkey.com,Male,Quality Engineer
495,Ashley,Cowcha,acowchadq@tiny.cc,Female,Geological Engineer
496,Cinda,Hamblington,chamblingtondr@sfgate.com,Female,Legal Assistant
497,Bunni,Hinkensen,bhinkensends@google.com.au,Female,Senior Financial Analyst
498,Sloan,Chalmers,schalmersdt@t.co,Male,Civil Engineer
499,Thomasine,Weeden,tweedendu@amazon.co.jp,Genderfluid,Junior Executive
500,Blondy,Dumbrill,bdumbrilldv@pcworld.com,Female,Staff Scientist
501,Filmer,Lys,flysdw@zimbio.com,Male,Cost Accountant
502,Morly,Moorey,mmooreydx@who.int,Polygender,Pharmacist
503,Emlyn,Sandels,esandelsdy@last.fm,Male,Software Engineer II
504,Saudra,Akker,sakkerdz@sina.com.cn,Female,Marketing Manager
505,Lew,MacCafferky,lmaccafferkye0@indiegogo.com,Male,Help Desk Operator
506,Abe,Beamont,abeamonte1@netscape.com,Male,Speech Pathologist
507,Addie,Bracco,abraccoe2@businessweek.com,Male,Mechanical Systems Engineer
508,Cam,Gostall,cgostalle3@wired.com,Female,Programmer I
509,Darnell,Cowlard,dcowlarde4@umn.edu,Male,Analog Circuit Design manager
510,Sholom,Fellis,sfellise5@xinhuanet.com,Male,Quality Control Specialist
511,Wilhelmina,Wornham,wwornhame6@fotki.com,Female,Account Representative II
512,Ardys,Delion,adelione7@alibaba.com,Female,Programmer Analyst III
513,Leisha,Masterman,lmastermane8@artisteer.com,Polygender,Professor
514,Madelene,Bolley,mbolleye9@creativecommons.org,Female,Clinical Specialist
515,Kitti,Wash,kwashea@prweb.com,Female,Safety Technician IV
516,Carmita,Ridsdole,cridsdoleeb@xrea.com,Female,Financial Analyst
517,Mariana,Ervine,mervineec@tamu.edu,Female,Legal Assistant
518,Rowe,Crysell,rcryselled@hibu.com,Female,Biostatistician III
519,Lindy,Drillot,ldrillotee@ca.gov,Female,Editor
520,Auguste,Lardeur,alardeuref@miibeian.gov.cn,Female,Civil Engineer
521,Flynn,Ryley,fryleyeg@china.com.cn,Male,Financial Advisor
522,Debbi,Darke,ddarkeeh@imageshack.us,Female,Design Engineer
523,Hervey,Woolbrook,hwoolbrookei@apple.com,Male,Librarian
524,Eden,Garnett,egarnettej@domainmarket.com,Agender,Mechanical Systems Engineer
525,Diarmid,Kiss,dkissek@microsoft.com,Genderqueer,Environmental Tech
526,Elsey,Jeffress,ejeffressel@yelp.com,Female,Recruiter
527,Jervis,Drain,jdrainem@exblog.jp,Male,Legal Assistant
528,Kerk,Nisot,knisoten@yelp.com,Male,Environmental Tech
529,Herrick,Poolton,hpooltoneo@bbb.org,Male,Pharmacist
530,Fidel,Chappelow,fchappelowep@blinklist.com,Male,Physical Therapy Assistant
531,Karole,Cord,kcordeq@nsw.gov.au,Female,Human Resources Assistant IV
532,Jareb,Alderwick,jalderwicker@samsung.com,Male,Cost Accountant
533,Emmalee,Wilcocke,ewilcockees@nbcnews.com,Female,Staff Accountant III
534,Haily,Grund,hgrundet@examiner.com,Male,Tax Accountant
535,Benito,Johnikin,bjohnikineu@nationalgeographic.com,Male,Account Representative IV
536,Karlik,Winterbottom,kwinterbottomev@nps.gov,Genderqueer,Office Assistant I
537,Brena,Gammell,bgammellew@icio.us,Female,Social Worker
538,Giustino,Hantusch,ghantuschex@sciencedirect.com,Male,Community Outreach Specialist
539,Fanchon,Haukey,fhaukeyey@oracle.com,Female,Human Resources Manager
540,Danell,Haymes,dhaymesez@mtv.com,Female,Accounting Assistant II
541,Aloysia,Doudney,adoudneyf0@cmu.edu,Female,Office Assistant II
542,Gustie,Quirke,gquirkef1@smugmug.com,Female,Web Developer III
543,Joscelin,Klein,jkleinf2@google.co.jp,Female,Financial Analyst
544,Sharl,Downie,sdownief3@ucoz.com,Female,Business Systems Development Analyst
545,Rosamond,Soigoux,rsoigouxf4@reddit.com,Female,Financial Advisor
546,Gael,Hansberry,ghansberryf5@gmpg.org,Male,Accountant IV
547,Janaye,Capes,jcapesf6@prweb.com,Female,Tax Accountant
548,Floris,Collet,fcolletf7@ca.gov,Genderqueer,Assistant Professor
549,Thomasina,Wombwell,twombwellf8@jimdo.com,Female,Account Executive
550,Zondra,Moye,zmoyef9@sbwire.com,Female,Pharmacist
551,Courtnay,Culcheth,cculchethfa@examiner.com,Male,Marketing Assistant
552,Barbabra,McCann,bmccannfb@vimeo.com,Female,Professor
553,Maryjane,Bussel,mbusselfc@buzzfeed.com,Female,Human Resources Assistant IV
554,Evania,Albutt,ealbuttfd@auda.org.au,Female,Chief Design Engineer
555,Fran,Vogt,fvogtfe@themeforest.net,Male,Senior Cost Accountant
556,Lacy,Tripon,ltriponff@ezinearticles.com,Female,Staff Accountant III
557,Nappy,Thrower,nthrowerfg@aol.com,Male,Junior Executive
558,Garrott,Bamlett,gbamlettfh@eepurl.com,Male,VP Sales
559,Jefferson,Lots,jlotsfi@sun.com,Bigender,Tax Accountant
560,Adrian,Hopkins,ahopkinsfj@deviantart.com,Bigender,Staff Accountant IV
561,Nicolette,Brattan,nbrattanfk@reddit.com,Female,Account Coordinator
562,Marshal,Keeri,mkeerifl@shop-pro.jp,Male,Geologist II
563,Pen,Acklands,packlandsfm@mtv.com,Genderqueer,Marketing Assistant
564,Bianka,Mole,bmolefn@weibo.com,Female,Technical Writer
565,Virgil,Endean,vendeanfo@smugmug.com,Male,Senior Cost Accountant
566,Valerie,Dewberry,vdewberryfp@meetup.com,Female,Teacher
567,Isabeau,Gonsalvez,igonsalvezfq@posterous.com,Female,Software Test Engineer II
568,Frederica,Bartlomiejczyk,fbartlomiejczykfr@indiegogo.com,Female,Programmer Analyst IV
569,Leigh,Zamorrano,lzamorranofs@disqus.com,Male,VP Accounting
570,Jacob,Ort,jortft@mapy.cz,Male,Research Nurse
571,Vivia,Addionizio,vaddioniziofu@chicagotribune.com,Female,Programmer Analyst I
572,Jessi,Brugman,jbrugmanfv@angelfire.com,Female,Nuclear Power Engineer
573,Torrin,Keson,tkesonfw@joomla.org,Male,Chemical Engineer
574,Claudette,Jedrachowicz,cjedrachowiczfx@yolasite.com,Bigender,Social Worker
575,Merwyn,Wulfinger,mwulfingerfy@scribd.com,Male,GIS Technical Architect
576,Bard,Mogford,bmogfordfz@xinhuanet.com,Male,Cost Accountant
577,Creigh,Robyns,crobynsg0@cpanel.net,Male,Senior Cost Accountant
578,Tamara,Steele,tsteeleg1@jugem.jp,Female,Automation Specialist I
579,Brynna,Bussell,bbussellg2@sogou.com,Female,Automation Specialist III
580,Nickolai,Pie,npieg3@tripadvisor.com,Male,Graphic Designer
581,Jennee,Minelli,jminellig4@noaa.gov,Female,Internal Auditor
582,Gerome,Chellam,gchellamg5@youtube.com,Male,Safety Technician I
583,Florry,Klulicek,fklulicekg6@chron.com,Female,Geologist III
584,Zechariah,Fishleigh,zfishleighg7@exblog.jp,Male,Senior Sales Associate
585,Vilma,Rittmeyer,vrittmeyerg8@hao123.com,Female,Dental Hygienist
586,Tannie,Keaton,tkeatong9@cocolog-nifty.com,Male,GIS Technical Architect
587,Althea,Adamik,aadamikga@flickr.com,Female,Assistant Media Planner
588,Vassili,Duplock,vduplockgb@wisc.edu,Male,Nurse Practicioner
589,Tiffi,Binnion,tbinniongc@marriott.com,Female,Pharmacist
590,Erika,Torn,etorngd@dyndns.org,Female,Office Assistant IV
591,Amber,Sterling,asterlingge@cloudflare.com,Female,Cost Accountant
592,Reena,Treble,rtreblegf@myspace.com,Female,Automation Specialist IV
593,Bunni,Danes,bdanesgg@discovery.com,Female,Registered Nurse
594,Marilyn,Yakobowitz,myakobowitzgh@lycos.com,Female,Web Designer III
595,Gris,Boniface,gbonifacegi@earthlink.net,Male,Office Assistant II
596,Truman,Lonergan,tlonergangj@newyorker.com,Polygender,Electrical Engineer
597,Lindy,Durtnell,ldurtnellgk@usda.gov,Bigender,Sales Associate
598,Corbett,Patchett,cpatchettgl@google.pl,Male,Executive Secretary
599,Morgen,Silverthorn,msilverthorngm@1und1.de,Female,Software Consultant
600,Esme,Harland,eharlandgn@reddit.com,Male,Marketing Assistant
601,Bendix,Tacon,btacongo@bloomberg.com,Genderfluid,Software Test Engineer IV
602,Ursuline,Woolfoot,uwoolfootgp@samsung.com,Female,Research Nurse
603,Sinclair,Cormack,scormackgq@networksolutions.com,Male,Quality Engineer
604,Jo,Benettelli,jbenettelligr@deliciousdays.com,Male,Environmental Specialist
605,Tomlin,Deble,tdeblegs@hibu.com,Male,Librarian
606,Siobhan,Belasco,sbelascogt@qq.com,Female,Computer Systems Analyst I
607,Mimi,Weigh,mweighgu@fda.gov,Female,Speech Pathologist
608,Duke,Zuenelli,dzuenelligv@g.co,Male,Tax Accountant
609,Carma,Colleer,ccolleergw@google.com.au,Female,Account Coordinator
610,Kylila,Kydd,kkyddgx@virginia.edu,Female,Nurse Practicioner
611,Elfreda,Duffrie,eduffriegy@europa.eu,Female,Information Systems Manager
612,Helsa,Ettery,hetterygz@jimdo.com,Polygender,VP Quality Control
613,Germaine,Cheesley,gcheesleyh0@harvard.edu,Male,VP Product Management
614,Talya,Wannan,twannanh1@cnn.com,Female,Account Coordinator
615,Ransom,Merrigan,rmerriganh2@sfgate.com,Male,Software Consultant
616,Fleurette,McWhan,fmcwhanh3@bloomberg.com,Female,Product Engineer
617,Ozzy,Hernik,ohernikh4@vinaora.com,Male,Assistant Media Planner
618,Emelen,Loughney,eloughneyh5@aboutads.info,Bigender,Associate Professor
619,Hoebart,Finlater,hfinlaterh6@uol.com.br,Male,Senior Sales Associate
620,Mikkel,Cowndley,mcowndleyh7@comcast.net,Male,Assistant Professor
621,Ike,Menco,imencoh8@home.pl,Male,Community Outreach Specialist
622,Vivian,Trangmar,vtrangmarh9@wikipedia.org,Female,Executive Secretary
623,Puff,Gunthorpe,pgunthorpeha@marriott.com,Male,Structural Analysis Engineer
624,Ophelie,Gronno,ogronnohb@marriott.com,Female,Research Assistant IV
625,Gareth,Barchrameev,gbarchrameevhc@squidoo.com,Non-binary,Financial Advisor
626,Killie,Stellin,kstellinhd@imgur.com,Male,Budget/Accounting Analyst III
627,Flin,Embury,femburyhe@amazonaws.com,Male,Engineer IV
628,Rhianon,Lugton,rlugtonhf@reference.com,Female,Geological Engineer
629,Stevy,Bratt,sbratthg@deviantart.com,Male,Graphic Designer
630,Akim,Ivens,aivenshh@spotify.com,Male,Environmental Specialist
631,Mayor,Woolis,mwoolishi@histats.com,Male,Safety Technician I
632,Natala,Farrell,nfarrellhj@psu.edu,Female,Social Worker
633,Benita,Farquarson,bfarquarsonhk@businessinsider.com,Female,Structural Engineer
634,Ibrahim,Atyeo,iatyeohl@people.com.cn,Male,Operator
635,Jordan,Ogers,jogershm@chicagotribune.com,Female,Systems Administrator II
636,Missie,Tumber,mtumberhn@thetimes.co.uk,Female,Account Representative IV
637,Roxane,Kingscote,rkingscoteho@businessinsider.com,Female,Web Developer I
638,Vasily,Plaunch,vplaunchhp@mapquest.com,Genderfluid,Cost Accountant
639,Waneta,Andryunin,wandryuninhq@topsy.com,Female,Quality Control Specialist
640,Dixie,Chattell,dchattellhr@intel.com,Female,Nurse
641,Carlyle,Yurasov,cyurasovhs@mapquest.com,Male,Quality Control Specialist
642,Amalita,Spears,aspearsht@msn.com,Female,Data Coordinator
643,Spence,Costin,scostinhu@joomla.org,Male,Software Engineer IV
644,Pat,Worsnip,pworsniphv@icq.com,Male,Senior Developer
645,Calley,Drysdell,cdrysdellhw@europa.eu,Female,Tax Accountant
646,Elie,Websdale,ewebsdalehx@github.com,Female,Research Assistant II
647,Ileana,Poolman,ipoolmanhy@mashable.com,Female,Assistant Professor
648,Heath,Ratie,hratiehz@twitpic.com,Male,Account Executive
649,Othilie,Kinvan,okinvani0@dropbox.com,Female,Social Worker
650,Kalindi,Boother,kbootheri1@xinhuanet.com,Non-binary,Nuclear Power Engineer
651,Nikita,Abramow,nabramowi2@wikispaces.com,Non-binary,VP Accounting
652,Blayne,Godman,bgodmani3@instagram.com,Male,Data Coordinator
653,Bearnard,Labes,blabesi4@wikia.com,Male,Design Engineer
654,Asa,Anning,aanningi5@blogs.com,Male,Administrative Assistant II
655,Noble,Draayer,ndraayeri6@nymag.com,Male,Research Associate
656,Dennis,Bertomier,dbertomieri7@unicef.org,Male,Clinical Specialist
657,Drucie,Abelevitz,dabelevitzi8@columbia.edu,Genderqueer,Internal Auditor
658,Timofei,Hugenin,thugenini9@reverbnation.com,Male,Engineer IV
659,Norrie,Patrickson,npatricksonia@quantcast.com,Male,Sales Representative
660,Zedekiah,Caudelier,zcaudelierib@admin.ch,Male,Assistant Professor
661,Burton,Probbings,bprobbingsic@alexa.com,Male,Geological Engineer
662,Kelcie,Mazonowicz,kmazonowiczid@tuttocitta.it,Female,Quality Control Specialist
663,Kalina,Hanfrey,khanfreyie@noaa.gov,Female,Tax Accountant
664,Katharyn,Christin,kchristinif@amazon.co.jp,Female,Social Worker
665,Fancy,De Francisci,fdefrancisciig@washington.edu,Non-binary,Senior Sales Associate
666,Bernarr,Virgin,bvirginih@multiply.com,Male,Research Associate
667,Lorraine,Gittings,lgittingsii@guardian.co.uk,Female,Human Resources Assistant III
668,Elaina,O'Nowlan,eonowlanij@bbb.org,Female,VP Quality Control
669,Anallise,Senussi,asenussiik@themeforest.net,Female,Desktop Support Technician
670,Donal,Raper,draperil@hao123.com,Male,Statistician IV
671,Nettle,Jahnel,njahnelim@redcross.org,Female,Food Chemist
672,Grady,Slayton,gslaytonin@vk.com,Male,Occupational Therapist
673,Astra,Salvadore,asalvadoreio@craigslist.org,Female,Desktop Support Technician
674,Claudina,Davidoff,cdavidoffip@t-online.de,Female,Executive Secretary
675,Mitchel,Gaitung,mgaitungiq@prnewswire.com,Male,Statistician IV
676,Blanca,Hattersley,bhattersleyir@reddit.com,Female,Systems Administrator I
677,Amelia,Bonass,abonassis@amazonaws.com,Female,Clinical Specialist
678,Andriana,MacAdie,amacadieit@studiopress.com,Female,GIS Technical Architect
679,Ketti,Warnes,kwarnesiu@businessinsider.com,Female,Automation Specialist II
680,Rex,Crosen,rcroseniv@hibu.com,Male,Automation Specialist II
681,Gabie,Birkbeck,gbirkbeckiw@globo.com,Female,Associate Professor
682,Sallyann,Chaimson,schaimsonix@sun.com,Female,Account Executive
683,Alaine,Ghidini,aghidiniiy@printfriendly.com,Female,Senior Quality Engineer
684,Kermit,Bourne,kbourneiz@cafepress.com,Male,Senior Quality Engineer
685,Brenden,Phaup,bphaupj0@upenn.edu,Male,Associate Professor
686,Scotty,Skittrall,sskittrallj1@epa.gov,Male,Marketing Manager
687,Conny,Bomfield,cbomfieldj2@cornell.edu,Male,Software Engineer II
688,Kelbee,Kepp,kkeppj3@pagesperso-orange.fr,Male,Budget/Accounting Analyst IV
689,Winonah,Jimson,wjimsonj4@noaa.gov,Female,Analyst Programmer
690,Ileana,Rowthorn,irowthornj5@ustream.tv,Female,Sales Associate
691,Felicia,Sayer,fsayerj6@webs.com,Female,GIS Technical Architect
692,Gianina,McCulloch,gmccullochj7@phpbb.com,Female,Structural Engineer
693,Aldous,Jacqueme,ajacquemej8@vkontakte.ru,Male,Biostatistician IV
694,Blondelle,MacGown,bmacgownj9@symantec.com,Female,Senior Financial Analyst
695,Shaun,Portal,sportalja@theguardian.com,Male,Software Engineer I
696,Paule,Buske,pbuskejb@mediafire.com,Polygender,Legal Assistant
697,Chrystel,Maccree,cmaccreejc@delicious.com,Female,Help Desk Operator
698,Matias,Keijser,mkeijserjd@dell.com,Male,Senior Quality Engineer
699,Kriste,Kaliszewski,kkaliszewskije@webeden.co.uk,Female,Quality Control Specialist
700,Benoit,Gallyon,bgallyonjf@harvard.edu,Male,Clinical Specialist
701,Elston,Domleo,edomleojg@oracle.com,Male,Recruiting Manager
702,Tiffi,Simpkins,tsimpkinsjh@amazonaws.com,Female,Mechanical Systems Engineer
703,Alexio,Tenbrug,atenbrugji@deviantart.com,Male,Web Developer III
704,Rem,Marklund,rmarklundjj@mail.ru,Male,Associate Professor
705,Ross,Cottey,rcotteyjk@mysql.com,Male,Media Manager III
706,Jilly,Michele,jmichelejl@reuters.com,Female,Marketing Assistant
707,Brian,Fowkes,bfowkesjm@youtu.be,Male,Statistician II
708,Sharona,Launchbury,slaunchburyjn@twitpic.com,Female,Software Engineer II
709,Joan,Alltimes,jalltimesjo@whitehouse.gov,Female,Structural Engineer
710,Mareah,Jeromson,mjeromsonjp@livejournal.com,Female,VP Quality Control
711,Bing,Syme,bsymejq@rambler.ru,Male,Technical Writer
712,Thatcher,Faraker,tfarakerjr@tinypic.com,Male,Technical Writer
713,Georgena,Benazet,gbenazetjs@arizona.edu,Female,Electrical Engineer
714,Tabatha,Strevens,tstrevensjt@sourceforge.net,Female,Research Nurse
715,Daffy,Hawkett,dhawkettju@hhs.gov,Female,Social Worker
716,Marcos,Antosch,mantoschjv@wiley.com,Male,Speech Pathologist
717,Arty,Donner,adonnerjw@nature.com,Polygender,Nuclear Power Engineer
718,Livvyy,Colliard,lcolliardjx@economist.com,Female,Marketing Assistant
719,Maegan,Bartoloma,mbartolomajy@msn.com,Female,Software Engineer II
720,Nerte,Baal,nbaaljz@google.com,Female,Graphic Designer
721,Esra,Hetterich,ehetterichk0@csmonitor.com,Male,Automation Specialist II
722,Earl,Geistbeck,egeistbeckk1@hp.com,Male,Nuclear Power Engineer
723,Devi,Leidecker,dleideckerk2@state.gov,Female,Operator
724,Alaine,Pietesch,apieteschk3@comsenz.com,Female,Nuclear Power Engineer
725,Bald,Noad,bnoadk4@smh.com.au,Male,Research Assistant IV
726,Chariot,Puncher,cpuncherk5@stanford.edu,Male,Technical Writer
727,Ajay,Simnett,asimnettk6@wikipedia.org,Genderqueer,Financial Advisor
728,Fletcher,Suffield,fsuffieldk7@yellowpages.com,Male,Technical Writer
729,Fairleigh,Thieme,fthiemek8@live.com,Male,Quality Control Specialist
730,Jarret,Teall,jteallk9@cnet.com,Male,Human Resources Manager
731,Harbert,Morrow,hmorrowka@bigcartel.com,Male,Engineer I
732,Hadria,Hars,hharskb@fda.gov,Female,Account Executive
733,Corrianne,Boffin,cboffinkc@dedecms.com,Female,Analyst Programmer
734,Brandyn,Burdess,bburdesskd@hhs.gov,Male,Community Outreach Specialist
735,Alexandros,Cripin,acripinke@canalblog.com,Male,Actuary
736,Olenka,Chatteris,ochatteriskf@joomla.org,Female,Nurse Practicioner
737,Cyrille,Dearlove,cdearlovekg@netscape.com,Male,Electrical Engineer
738,Peri,Roxburgh,proxburghkh@icio.us,Female,Staff Accountant II
739,Elisha,Kinane,ekinaneki@linkedin.com,Female,Software Test Engineer IV
740,Ansel,Rey,areykj@ebay.co.uk,Genderfluid,Data Coordinator
741,Denys,Abramino,dabraminokk@g.co,Female,Design Engineer
742,Thedric,Arden,tardenkl@tmall.com,Male,Project Manager
743,Ulysses,Loftin,uloftinkm@bbb.org,Male,VP Product Management
744,Edward,Eatherton,eeathertonkn@mtv.com,Male,Executive Secretary
745,Teddie,Norfolk,tnorfolkko@mapquest.com,Female,Statistician III
746,Mattheus,Redpath,mredpathkp@slate.com,Male,Computer Systems Analyst I
747,Ginger,Bradley,gbradleykq@ning.com,Female,Human Resources Assistant II
748,Forrest,Yeaman,fyeamankr@nps.gov,Male,Office Assistant IV
749,Bruce,Garber,bgarberks@desdev.cn,Male,Human Resources Assistant III
750,Karlotta,Dowe,kdowekt@cargocollective.com,Female,Operator
751,Moses,Vonasek,mvonasekku@tripadvisor.com,Male,Nurse Practicioner
752,Caz,Regina,creginakv@mayoclinic.com,Bigender,Community Outreach Specialist
753,Vail,Kippen,vkippenkw@washingtonpost.com,Male,Accountant III
754,Harald,Freear,hfreearkx@tiny.cc,Male,Senior Quality Engineer
755,Haslett,Dy,hdyky@gnu.org,Male,Senior Quality Engineer
756,Lynde,Wheowall,lwheowallkz@feedburner.com,Female,Assistant Media Planner
757,Taber,Showers,tshowersl0@google.ru,Male,Senior Cost Accountant
758,Ervin,Benedyktowicz,ebenedyktowiczl1@walmart.com,Male,Accounting Assistant I
759,Sherman,Yole,syolel2@tripod.com,Bigender,VP Marketing
760,Delcina,Jiroutek,djiroutekl3@w3.org,Female,Director of Sales
761,Nettle,Roan,nroanl4@etsy.com,Female,Occupational Therapist
762,Dorie,Dunsmuir,ddunsmuirl5@nsw.gov.au,Male,Project Manager
763,Jeromy,Heazel,jheazell6@bloglovin.com,Male,Account Coordinator
764,Fraze,D'Ugo,fdugol7@clickbank.net,Male,Database Administrator III
765,Henrie,Greensitt,hgreensittl8@yelp.com,Female,Director of Sales
766,Hobart,Dutson,hdutsonl9@google.cn,Male,Internal Auditor
767,Faina,Bunting,fbuntingla@scientificamerican.com,Female,Occupational Therapist
768,Sharl,Dimitru,sdimitrulb@wordpress.org,Female,Analog Circuit Design manager
769,Abdel,Hacard,ahacardlc@dion.ne.jp,Male,Pharmacist
770,Ursala,Tassaker,utassakerld@hud.gov,Female,Automation Specialist IV
771,Porter,McGuinley,pmcguinleyle@oakley.com,Male,Administrative Officer
772,Liuka,Knightsbridge,lknightsbridgelf@huffingtonpost.com,Female,Statistician IV
773,Thaddus,Kamall,tkamalllg@chicagotribune.com,Genderqueer,Social Worker
774,Juan,Anshell,janshelllh@jalbum.net,Male,Executive Secretary
775,Doralynne,Nourse,dnourseli@jigsy.com,Female,General Manager
776,Olivette,Thunnercliff,othunnerclifflj@mail.ru,Female,Electrical Engineer
777,Melosa,Clutram,mclutramlk@4shared.com,Female,Financial Advisor
778,Ediva,Tefft,etefftll@histats.com,Female,Physical Therapy Assistant
779,Tony,Ickowics,tickowicslm@addthis.com,Female,Help Desk Technician
780,Astrix,Labbe,alabbeln@woothemes.com,Female,Structural Analysis Engineer
781,Ly,Milan,lmilanlo@storify.com,Male,Librarian
782,Kile,Rafe,krafelp@samsung.com,Male,Analyst Programmer
783,Eliza,MacCoughen,emaccoughenlq@cmu.edu,Female,GIS Technical Architect
784,Demott,Skelhorn,dskelhornlr@behance.net,Male,Occupational Therapist
785,Erv,Loren,elorenls@nps.gov,Male,Product Engineer
786,Ravi,Burnsell,rburnselllt@java.com,Male,Web Developer III
787,Guillemette,Fretter,gfretterlu@sfgate.com,Female,Desktop Support Technician
788,Hussein,Crabtree,hcrabtreelv@dailymotion.com,Male,Legal Assistant
789,Jeanie,Barnson,jbarnsonlw@google.ru,Female,Computer Systems Analyst IV
790,Kurt,Adney,kadneylx@earthlink.net,Male,Assistant Manager
791,Dominique,Dell'Abbate,ddellabbately@java.com,Female,Accountant I
792,Dennie,Tresler,dtreslerlz@quantcast.com,Male,Chief Design Engineer
793,Merry,Casazza,mcasazzam0@163.com,Male,Cost Accountant
794,Morganne,Gillham,mgillhamm1@wordpress.com,Female,Assistant Professor
795,Rollie,Chattock,rchattockm2@hc360.com,Male,Librarian
796,Gordan,Sudlow,gsudlowm3@tripod.com,Bigender,Occupational Therapist
797,Jo-ann,Andreutti,jandreuttim4@dropbox.com,Female,VP Product Management
798,Levy,Sinclaire,lsinclairem5@so-net.ne.jp,Male,Software Engineer III
799,Laverne,Skynner,lskynnerm6@disqus.com,Female,Civil Engineer
800,Bethanne,Kornilyev,bkornilyevm7@photobucket.com,Female,Human Resources Assistant II
801,Jeddy,Perelli,jperellim8@spiegel.de,Male,Compensation Analyst
802,Akim,Verheijden,averheijdenm9@canalblog.com,Male,Safety Technician III
803,Mallory,Harmar,mharmarma@1688.com,Male,Graphic Designer
804,Mona,Zieme,mziememb@cyberchimps.com,Female,Recruiting Manager
805,Dionysus,Scedall,dscedallmc@facebook.com,Polygender,Physical Therapy Assistant
806,Onida,Criple,ocriplemd@unicef.org,Female,Senior Sales Associate
807,Ashlin,Syphus,asyphusme@dagondesign.com,Male,Mechanical Systems Engineer
808,Marthena,Wolfarth,mwolfarthmf@gnu.org,Female,VP Sales
809,Claudie,Komorowski,ckomorowskimg@hexun.com,Female,VP Marketing
810,Merlina,Givens,mgivensmh@smugmug.com,Non-binary,Actuary
811,Lory,Wycliffe,lwycliffemi@paypal.com,Polygender,Actuary
812,Turner,De Ferrari,tdeferrarimj@myspace.com,Male,Project Manager
813,Carmelle,Wymer,cwymermk@surveymonkey.com,Female,Legal Assistant
814,Roger,Coslitt,rcoslittml@elpais.com,Male,Recruiting Manager
815,Letizia,Alday,laldaymm@networkadvertising.org,Female,Social Worker
816,Lucais,Dumbleton,ldumbletonmn@jalbum.net,Male,Budget/Accounting Analyst II
817,Twila,Empson,tempsonmo@mysql.com,Female,Physical Therapy Assistant
818,Alverta,Sneller,asnellermp@exblog.jp,Female,Account Executive
819,Peg,Tuson,ptusonmq@yandex.ru,Female,Human Resources Manager
820,Carmita,Finnie,cfinniemr@imdb.com,Female,Analog Circuit Design manager
821,Johnathon,McLaggan,jmclagganms@imageshack.us,Male,Administrative Assistant III
822,Barry,Henrie,bhenriemt@hostgator.com,Male,Senior Financial Analyst
823,Holli,Nathon,hnathonmu@hc360.com,Female,Junior Executive
824,Jeramie,Cran,jcranmv@biblegateway.com,Male,Developer III
825,Rana,Atwood,ratwoodmw@answers.com,Female,Developer I
826,Grover,Edwins,gedwinsmx@unc.edu,Male,Technical Writer
827,Dulsea,Kores,dkoresmy@nasa.gov,Female,Community Outreach Specialist
828,Patin,Rennebach,prennebachmz@spotify.com,Male,Payment Adjustment Coordinator
829,Bettye,Fewster,bfewstern0@php.net,Female,Legal Assistant
830,Den,Plante,dplanten1@princeton.edu,Male,Biostatistician I
831,Cherie,Nester,cnestern2@arizona.edu,Female,Community Outreach Specialist
832,Lanie,Milkeham,lmilkehamn3@parallels.com,Male,General Manager
833,Dan,Bischop,dbischopn4@amazonaws.com,Male,Nuclear Power Engineer
834,Jonie,MacCome,jmaccomen5@netvibes.com,Female,Senior Editor
835,Faustine,Ballach,fballachn6@disqus.com,Female,Media Manager IV
836,Denny,Frostdick,dfrostdickn7@imgur.com,Female,Health Coach II
837,Chanda,Barnard,cbarnardn8@vkontakte.ru,Female,Director of Sales
838,Vi,Aurelius,vaureliusn9@goo.ne.jp,Female,Social Worker
839,Cos,Alpine,calpinena@naver.com,Male,Software Consultant
840,Sheena,Chorley,schorleynb@google.ca,Female,Director of Sales
841,Beryl,Challoner,bchallonernc@answers.com,Genderfluid,VP Marketing
842,Charles,Antoniak,cantoniaknd@xrea.com,Male,Budget/Accounting Analyst II
843,Veriee,Markova,vmarkovane@goo.gl,Female,Engineer IV
844,Andrea,Romans,aromansnf@time.com,Male,Structural Engineer
845,Feliza,Plaskett,fplaskettng@vistaprint.com,Female,Compensation Analyst
846,Todd,Beazey,tbeazeynh@slideshare.net,Male,Operator
847,Dieter,Tick,dtickni@addthis.com,Male,Director of Sales
848,Priscilla,Sivorn,psivornnj@shutterfly.com,Female,Quality Engineer
849,Kerry,Ritelli,kritellink@telegraph.co.uk,Female,Research Assistant I
850,Arleen,Alan,aalannl@1688.com,Female,Operator
851,Cathe,Van Arsdall,cvanarsdallnm@amazon.co.jp,Female,Administrative Officer
852,Desdemona,Craik,dcraiknn@360.cn,Female,Research Assistant III
853,Durant,Hardie,dhardieno@senate.gov,Male,Environmental Specialist
854,Nathanil,Dyshart,ndyshartnp@1und1.de,Male,Computer Systems Analyst IV
855,Cherise,Templar,ctemplarnq@friendfeed.com,Genderfluid,Quality Engineer
856,Evaleen,Dmtrovic,edmtrovicnr@bloglines.com,Female,Research Associate
857,La verne,Benck,lbenckns@meetup.com,Female,Mechanical Systems Engineer
858,Pascal,Sawley,psawleynt@example.com,Genderqueer,Staff Accountant IV
859,Hercule,Stannus,hstannusnu@surveymonkey.com,Bigender,Programmer III
860,Sauveur,Yeliashev,syeliashevnv@seattletimes.com,Male,Information Systems Manager
861,Corella,Robatham,crobathamnw@google.pl,Female,Cost Accountant
862,Malissa,Sayton,msaytonnx@nba.com,Female,VP Sales
863,Kippy,Heel,kheelny@tiny.cc,Female,VP Accounting
864,Dag,McEvon,dmcevonnz@g.co,Male,Staff Scientist
865,Sandro,Bubbins,sbubbinso0@nhs.uk,Male,Office Assistant I
866,Phebe,Ledgister,pledgistero1@desdev.cn,Female,Civil Engineer
867,Genvieve,Smouten,gsmouteno2@issuu.com,Genderfluid,Help Desk Technician
868,Ariel,Goudman,agoudmano3@slideshare.net,Male,Programmer III
869,Lillian,Carlet,lcarleto4@qq.com,Female,Accounting Assistant III
870,Felicio,Shorland,fshorlando5@t.co,Male,Information Systems Manager
871,Katine,Allberry,kallberryo6@mapy.cz,Female,VP Product Management
872,Sonnie,Sparsholt,ssparsholto7@cbsnews.com,Female,Senior Developer
873,Matthieu,Glowacki,mglowackio8@pcworld.com,Genderqueer,Research Associate
874,Angela,Tatteshall,atatteshallo9@zdnet.com,Female,Paralegal
875,Anastasie,Francescone,afrancesconeoa@freewebs.com,Female,Human Resources Assistant I
876,Benito,Cicchillo,bcicchilloob@hugedomains.com,Agender,VP Product Management
877,Ellsworth,Jeffes,ejeffesoc@timesonline.co.uk,Male,Food Chemist
878,Merrilee,Giovannilli,mgiovannilliod@facebook.com,Female,Research Nurse
879,Britt,Dyerson,bdyersonoe@seesaa.net,Female,Nurse Practicioner
880,Obadias,Dingsdale,odingsdaleof@dailymail.co.uk,Male,Staff Accountant I
881,Laural,Doorbar,ldoorbarog@gizmodo.com,Female,Safety Technician IV
882,Dacie,Grisenthwaite,dgrisenthwaiteoh@thetimes.co.uk,Female,Automation Specialist I
883,Herschel,Nanson,hnansonoi@scribd.com,Male,Account Representative IV
884,Kania,Pendleton,kpendletonoj@rediff.com,Female,Geological Engineer
885,Mile,Bunclark,mbunclarkok@tiny.cc,Male,Health Coach III
886,Terry,Tonna,ttonnaol@google.ca,Female,Operator
887,Else,Adhams,eadhamsom@wikipedia.org,Female,Geological Engineer
888,Burr,O'Sherin,bosherinon@mac.com,Male,Software Test Engineer IV
889,Bartholomeo,Croney,bcroneyoo@lulu.com,Male,Account Coordinator
890,Lemmie,Suerz,lsuerzop@upenn.edu,Male,Staff Accountant IV
891,Bernardina,Gillicuddy,bgillicuddyoq@microsoft.com,Female,Structural Engineer
892,Mohandas,Danielou,mdanielouor@unicef.org,Male,Geological Engineer
893,Freeland,Milborn,fmilbornos@lycos.com,Male,Librarian
894,Bert,McKague,bmckagueot@latimes.com,Male,Account Representative I
895,Shena,Marzelli,smarzelliou@xinhuanet.com,Female,Mechanical Systems Engineer
896,Emery,Lusgdin,elusgdinov@admin.ch,Male,Assistant Media Planner
897,Fidel,Standfield,fstandfieldow@theguardian.com,Male,Chemical Engineer
898,Katlin,Whittlesey,kwhittleseyox@flickr.com,Female,Web Designer III
899,Terrell,Tupman,ttupmanoy@epa.gov,Agender,Sales Associate
900,Winslow,Huws,whuwsoz@gmpg.org,Male,Recruiter
901,Stafani,Kabos,skabosp0@washington.edu,Genderfluid,Biostatistician III
902,Johnna,Haldane,jhaldanep1@upenn.edu,Female,Senior Financial Analyst
903,Neddie,Dunlop,ndunlopp2@craigslist.org,Male,Editor
904,Maxy,Chatan,mchatanp3@hp.com,Male,Senior Sales Associate
905,Aristotle,Gillum,agillump4@addthis.com,Male,Administrative Officer
906,Ritchie,Hartwell,rhartwellp5@yelp.com,Male,Civil Engineer
907,Romeo,Gatherell,rgatherellp6@nba.com,Male,Civil Engineer
908,Carrol,Gresswood,cgresswoodp7@census.gov,Male,Research Nurse
909,Sallyann,Aubin,saubinp8@deliciousdays.com,Female,Structural Analysis Engineer
910,Neale,Gerretsen,ngerretsenp9@blogger.com,Male,Internal Auditor
911,Rudie,Giorgetti,rgiorgettipa@g.co,Male,Compensation Analyst
912,Tisha,Denis,tdenispb@elegantthemes.com,Female,Cost Accountant
913,Armando,Keynd,akeyndpc@webeden.co.uk,Male,Senior Sales Associate
914,Pembroke,Bird,pbirdpd@fastcompany.com,Male,Internal Auditor
915,Markos,Lyven,mlyvenpe@europa.eu,Male,Chief Design Engineer
916,Vite,Kesey,vkeseypf@samsung.com,Male,Geological Engineer
917,Maighdiln,Purkins,mpurkinspg@webnode.com,Female,Senior Quality Engineer
918,Vanessa,Hubbis,vhubbisph@marketwatch.com,Female,Budget/Accounting Analyst IV
919,Tamarra,Greiswood,tgreiswoodpi@mozilla.com,Agender,Account Coordinator
920,Wrennie,Grose,wgrosepj@slashdot.org,Female,Geological Engineer
921,Franklyn,Audrey,faudreypk@histats.com,Male,Professor
922,Farra,Selkirk,fselkirkpl@stanford.edu,Female,Physical Therapy Assistant
923,Whitney,Wisdish,wwisdishpm@cam.ac.uk,Female,Paralegal
924,Abbott,Ditchfield,aditchfieldpn@japanpost.jp,Male,Analog Circuit Design manager
925,Edward,Balassi,ebalassipo@i2i.jp,Male,Teacher
926,Cherish,Glendza,cglendzapp@dagondesign.com,Female,Chief Design Engineer
927,Bethina,Kos,bkospq@phpbb.com,Genderfluid,Physical Therapy Assistant
928,Diandra,Pocknoll,dpocknollpr@flavors.me,Polygender,Internal Auditor
929,Collete,Narducci,cnarduccips@apache.org,Female,Web Developer I
930,Brandea,Pudan,bpudanpt@cornell.edu,Female,Senior Sales Associate
931,Consuelo,MacKintosh,cmackintoshpu@cdbaby.com,Female,Senior Cost Accountant
932,Shellysheldon,Lepard,slepardpv@xrea.com,Male,Speech Pathologist
933,Zsa zsa,Dancy,zdancypw@wufoo.com,Female,Recruiter
934,Albertina,Keywood,akeywoodpx@ask.com,Female,Administrative Assistant IV
935,Elvis,Pendergast,ependergastpy@reverbnation.com,Male,Research Nurse
936,Mable,Orr,morrpz@java.com,Female,Staff Scientist
937,Vonny,McGifford,vmcgiffordq0@unc.edu,Female,Safety Technician III
938,Maison,Myles,mmylesq1@diigo.com,Male,Paralegal
939,Alick,Aburrow,aaburrowq2@psu.edu,Polygender,Budget/Accounting Analyst I
940,Ryann,Pridie,rpridieq3@narod.ru,Female,Tax Accountant
941,Chelsae,Hanselmann,chanselmannq4@lulu.com,Female,Structural Engineer
942,Otha,Bartelet,obarteletq5@weather.com,Female,Teacher
943,Arnoldo,Cuschieri,acuschieriq6@shinystat.com,Male,Community Outreach Specialist
944,Donetta,Dalliston,ddallistonq7@tuttocitta.it,Female,Pharmacist
945,Terry,Kingswold,tkingswoldq8@un.org,Male,VP Marketing
946,Dirk,Maskew,dmaskewq9@cnn.com,Male,Health Coach III
947,Carmon,Heffernon,cheffernonqa@acquirethisname.com,Female,Research Nurse
948,Joni,Screas,jscreasqb@wunderground.com,Female,Computer Systems Analyst III
949,Rani,Darridon,rdarridonqc@hatena.ne.jp,Female,Tax Accountant
950,Muire,Sidgwick,msidgwickqd@cargocollective.com,Female,Librarian
951,Raviv,Ginglell,rginglellqe@youku.com,Male,Professor
952,Mag,Swine,mswineqf@is.gd,Female,Nurse
953,Edyth,Gilbertson,egilbertsonqg@reference.com,Female,Programmer III
954,Danila,Measor,dmeasorqh@vistaprint.com,Female,Media Manager I
955,Loreen,Beneze,lbenezeqi@ted.com,Female,Desktop Support Technician
956,Liv,Paylor,lpaylorqj@google.cn,Female,Nurse Practicioner
957,Alfons,Gerdts,agerdtsqk@yahoo.com,Male,Software Test Engineer II
958,Claudine,Kuhlmey,ckuhlmeyql@economist.com,Agender,Quality Engineer
959,Reagan,Carwithim,rcarwithimqm@joomla.org,Male,Data Coordinator
960,Xenia,Creser,xcreserqn@opensource.org,Female,Nurse Practicioner
961,Hilda,Mickleburgh,hmickleburghqo@jalbum.net,Female,Assistant Manager
962,Trista,Mannering,tmanneringqp@un.org,Female,Administrative Assistant I
963,Bari,Manners,bmannersqq@issuu.com,Female,Senior Quality Engineer
964,Tabina,Saunderson,tsaundersonqr@tiny.cc,Agender,Staff Scientist
965,Aindrea,Penkman,apenkmanqs@bandcamp.com,Female,Systems Administrator II
966,Joye,McAlester,jmcalesterqt@state.tx.us,Female,Operator
967,Yorgos,Beecroft,ybeecroftqu@cam.ac.uk,Non-binary,GIS Technical Architect
968,Anni,Kinch,akinchqv@fc2.com,Female,Senior Sales Associate
969,Sherry,Whiskin,swhiskinqw@arstechnica.com,Female,Structural Analysis Engineer
970,Margarethe,Hawkswood,mhawkswoodqx@networkadvertising.org,Female,Community Outreach Specialist
971,Federico,Brandt,fbrandtqy@icio.us,Male,Business Systems Development Analyst
972,Thebault,Hasson,thassonqz@va.gov,Male,VP Product Management
973,Lettie,Rosenstengel,lrosenstengelr0@dot.gov,Bigender,Research Nurse
974,Sigismundo,Seawright,sseawrightr1@meetup.com,Male,Administrative Assistant IV
975,Edouard,Cota,ecotar2@example.com,Male,Senior Developer
976,Salvidor,Sandcraft,ssandcraftr3@ed.gov,Male,Environmental Tech
977,Hattie,Aguirrezabala,haguirrezabalar4@posterous.com,Female,Assistant Professor
978,Vassily,Knottley,vknottleyr5@photobucket.com,Male,Financial Analyst
979,Sollie,Loader,sloaderr6@unesco.org,Male,Computer Systems Analyst III
980,Viola,Mollison,vmollisonr7@statcounter.com,Female,Account Representative II
981,Devondra,Mc Elory,dmceloryr8@is.gd,Female,Structural Engineer
982,Brok,Taysbil,btaysbilr9@reference.com,Male,Assistant Manager
983,Eda,Allery,ealleryra@oakley.com,Female,Payment Adjustment Coordinator
984,Ellerey,Behrendsen,ebehrendsenrb@cbslocal.com,Male,Engineer IV
985,Filmore,Petticrew,fpetticrewrc@chronoengine.com,Male,Staff Scientist
986,Dina,MacElane,dmacelanerd@omniture.com,Female,Software Test Engineer III
987,Jereme,Blaxton,jblaxtonre@merriam-webster.com,Genderfluid,Product Engineer
988,Minerva,Habbema,mhabbemarf@google.com,Female,Electrical Engineer
989,Gael,Braker,gbrakerrg@mayoclinic.com,Male,Sales Associate
990,Torre,Cobbledick,tcobbledickrh@bing.com,Male,Senior Developer
991,Lindsay,Wetwood,lwetwoodri@webeden.co.uk,Male,VP Accounting
992,Elyssa,Cloutt,eclouttrj@ameblo.jp,Female,Actuary
993,Nevile,Andrusyak,nandrusyakrk@dion.ne.jp,Polygender,Senior Editor
994,Rich,Martello,rmartellorl@blogspot.com,Male,Editor
995,Natal,Fitzpatrick,nfitzpatrickrm@sciencedirect.com,Male,Design Engineer
996,Redd,Gilliam,rgilliamrn@goo.ne.jp,Male,Programmer Analyst III
997,Guglielmo,Spoole,gspoolero@army.mil,Male,Editor
998,Pierette,Klees,pkleesrp@loc.gov,Female,Financial Advisor
999,Rik,Lithcow,rlithcowrq@earthlink.net,Male,Budget/Accounting Analyst IV
1000,Bill,Ferriday,bferridayrr@ucoz.ru,Male,Media Manager II
